name,model,linear_train,linear_test,linear_holdout,rf_train,rf_test,rf_holdout
nyc,truth,0.6486492600831176,0.5958223578209211,0.6029154518950437,0.9190177445126567,0.660262584515141,0.6693877551020408
nyc,rf,0.6396510612421805,0.6011719038707712,0.606025267249757,0.9250366839451021,0.6819093991775387,0.692517006802721
nyc,pandas,0.6486492600831176,0.5958223578209211,0.6029154518950437,0.9190177445126567,0.660262584515141,0.6693877551020408
nyc,tfdv,0.6791094382028702,0.5967929331003716,0.6029154518950437,0.9240634111494426,0.6865281313099958,0.6896015549076774
nyc,autogluon,0.6396510612421805,0.6011719038707712,0.606025267249757,0.9250366839451021,0.6819093991775387,0.692517006802721
